3115	G	SP1
3442	G	SP1
4467	T	SP1
4722	C	SP1
4777	A	SP1
5468	G	SP1
5951	T	SP1
6299	G	SP1
6731	G	SP1
7495	T	SP1
7639	C	SP1
8274	T	SP1
8833	T	SP1
8896	G	SP1
8899	A	SP1
9103	G	SP1
9337	T	SP1
10408	G	SP1
10446	T	SP1
12392	C	SP1
12484	T	SP1
12550	T	SP1
13669	T	SP1
13840	A	SP1
14315	T	SP1
14410	T	SP1
15086	T	SP1
15295	G	SP1
131	G	SP2
2980	G	SP2
3157	T	SP2
3984	T	SP2
4257	T	SP2
4569	G	SP2
4938	T	SP2
5811	G	SP2
6155	A	SP2
6455	T	SP2
8046	T	SP2
8600	G	SP2
8761	G	SP2
9943	C	SP2
10366	A	SP2
10672	T	SP2
12205	C	SP2
13261	C	SP2
13672	G	SP2
14058	G	SP2
14320	T	SP2
14614	T	SP2
15502	G	SP2
15943	T	SP2
16515	G	SP2
16656	T	SP2
466	C	SP3
1478	C	SP3
1699	T	SP3
1913	G	SP3
2332	T	SP3
2797	C	SP3
4925	T	SP3
5360	T	SP3
6318	T	SP3
6674	T	SP3
8414	G	SP3
9349	C	SP3
9376	A	SP3
9394	C	SP3
10591	T	SP3
10729	T	SP3
10817	T	SP3
10858	G	SP3
11095	T	SP3
11308	G	SP3
12001	C	SP3
12410	T	SP3
12592	T	SP3
12814	G	SP3
13957	A	SP3
14353	T	SP3
14518	G	SP3
14567	T	SP3
14590	T	SP3
15004	T	SP3
15043	G	SP3
448	G	SP5
576	T	SP5
972	A	SP5
1177	G	SP5
1205	T	SP5
1464	A	SP5
1671	T	SP5
1697	A	SP5
1719	T	SP5
1890	G	SP5
2402	A	SP5
2617	G	SP5
2986	T	SP5
3019	G	SP5
3073	T	SP5
3106	T	SP5
3521	T	SP5
3685	T	SP5
3700	T	SP5
3954	G	SP5
3986	C	SP5
4217	C	SP5
4392	T	SP5
4578	A	SP5
4612	T	SP5
4661	T	SP5
4953	G	SP5
5208	G	SP5
5229	C	SP5
5486	T	SP5
5690	T	SP5
5798	T	SP5
5810	G	SP5
5952	T	SP5
6149	G	SP5
6257	T	SP5
6435	T	SP5
6746	G	SP5
7033	C	SP5
7156	C	SP5
7177	G	SP5
7285	T	SP5
7336	C	SP5
7642	T	SP5
7657	A	SP5
7694	A	SP5
8045	T	SP5
8348	T	SP5
8489	G	SP5
8677	C	SP5
8764	C	SP5
8771	A	SP5
8983	G	SP5
9061	G	SP5
9106	T	SP5
9238	G	SP5
9277	G	SP5
9313	T	SP5
9346	G	SP5
9500	G	SP5
9518	C	SP5
9555	G	SP5
9693	C	SP5
9720	T	SP5
9890	C	SP5
9989	T	SP5
10109	T	SP5
10701	T	SP5
10780	G	SP5
10825	T	SP5
10885	C	SP5
11780	C	SP5
11796	C	SP5
11797	C	SP5
11828	T	SP5
11854	T	SP5
11892	G	SP5
11993	T	SP5
12100	T	SP5
12121	T	SP5
12191	G	SP5
12205	G	SP5
12304	T	SP5
12338	G	SP5
12409	T	SP5
12424	G	SP5
12457	G	SP5
12466	C	SP5
12601	T	SP5
12602	A	SP5
12637	T	SP5
12640	T	SP5
12731	T	SP5
13009	T	SP5
13189	T	SP5
13336	T	SP5
13388	T	SP5
13420	T	SP5
13428	C	SP5
13438	G	SP5
13635	C	SP5
13747	G	SP5
13753	G	SP5
13780	T	SP5
13885	G	SP5
14201	T	SP5
14326	T	SP5
14332	T	SP5
14407	C	SP5
14497	T	SP5
14506	A	SP5
14617	G	SP5
15052	G	SP5
15172	T	SP5
15367	G	SP5
15389	A	SP5
15470	A	SP5
15471	T	SP5
15486	G	SP5
15487	C	SP5
15490	T	SP5
15493	T	SP5
15494	C	SP5
15495	C	SP5
16177	C	SP5
16249	C	SP5
16250	G	SP5
16556	G	SP5
16643	T	SP5
16659	A	SP5
16669	C	SP5
16698	G	SP5
16750	A	SP5
16853	G	SP5
16903	T	SP5
16915	G	SP5
16966	C	SP5
16968	C	SP5
16975	C	SP5
16981	G	SP5
17023	A	SP5
17028	C	SP5
17028	G	SP5
165	T	SP4
447	G	SP4
892	T	SP4
959	G	SP4
967	T	SP4
1145	G	SP4
1737	T	SP4
1831	G	SP4
2101	C	SP4
2253	C	SP4
2776	C	SP4
2803	T	SP4
2908	T	SP4
3025	T	SP4
3139	G	SP4
3151	T	SP4
3254	T	SP4
3301	G	SP4
3319	C	SP4
3340	T	SP4
3370	C	SP4
3655	G	SP4
3712	T	SP4
4058	C	SP4
4066	C	SP4
4155	T	SP4
4266	G	SP4
4290	A	SP4
4314	A	SP4
4317	T	SP4
4515	C	SP4
4581	C	SP4
4594	G	SP4
4706	T	SP4
4745	G	SP4
4872	G	SP4
4927	T	SP4
4957	G	SP4
4993	G	SP4
5052	C	SP4
5654	T	SP4
5702	T	SP4
5834	T	SP4
6059	T	SP4
6170	C	SP4
6284	T	SP4
6509	C	SP4
6587	T	SP4
6591	C	SP4
6776	C	SP4
6842	C	SP4
7475	A	SP4
7540	C	SP4
7736	G	SP4
7797	A	SP4
8051	T	SP4
8081	G	SP4
8192	T	SP4
8246	A	SP4
8355	G	SP4
8456	T	SP4
8469	T	SP4
8765	T	SP4
8782	T	SP4
8857	G	SP4
8908	T	SP4
8929	G	SP4
9118	A	SP4
9223	T	SP4
9790	T	SP4
9889	T	SP4
9914	T	SP4
9959	G	SP4
10016	T	SP4
10255	T	SP4
10328	G	SP4
11023	G	SP4
11096	T	SP4
11266	G	SP4
11293	G	SP4
11305	C	SP4
11368	T	SP4
11470	C	SP4
11770	C	SP4
11812	T	SP4
11944	G	SP4
12031	T	SP4
12040	A	SP4
12052	T	SP4
12080	T	SP4
12184	G	SP4
12199	G	SP4
12382	C	SP4
12709	G	SP4
12910	T	SP4
12952	C	SP4
12992	C	SP4
13235	T	SP4
13243	C	SP4
13433	T	SP4
13466	C	SP4
13507	G	SP4
13709	T	SP4
13756	T	SP4
13764	T	SP4
13795	T	SP4
13812	G	SP4
13920	G	SP4
14239	C	SP4
14296	G	SP4
14551	C	SP4
14704	T	SP4
14759	T	SP4
14773	T	SP4
14867	G	SP4
15283	T	SP4
15289	A	SP4
15465	T	SP4
15867	C	SP4
16173	A	SP4
16202	A	SP4
16535	C	SP4
